<ArrayOfKeyValueOfguidstring xmlns="http://schemas.microsoft.com/2003/10/Serialization/Arrays" xmlns:i="http://www.w3.org/2001/XMLSchema-instance"><KeyValueOfguidstring><Key>6c0b37b8-46de-462f-849b-00c213bbc81b</Key><Value>button</Value></KeyValueOfguidstring><KeyValueOfguidstring><Key>2a5c0892-0a28-4c3a-8d23-4109e9fdd5b5</Key><Value>button002</Value></KeyValueOfguidstring><KeyValueOfguidstring><Key>b23340be-46d9-48d7-84c9-677b1d1e2a43</Key><Value>Enter</Value></KeyValueOfguidstring><KeyValueOfguidstring><Key>cb9a998e-dcc1-4105-ae79-25bc57b98a3e</Key><Value>Frame002</Value></KeyValueOfguidstring><KeyValueOfguidstring><Key>5d8d5df5-04cd-4c88-b003-4bff34a30715</Key><Value>mima</Value></KeyValueOfguidstring><KeyValueOfguidstring><Key>f88ebf5a-af95-4267-a000-4ad0a00ede59</Key><Value>OK</Value></KeyValueOfguidstring><KeyValueOfguidstring><Key>b4ed2e5e-25a5-4166-bfbc-9e17b49f16cb</Key><Value>Space</Value></KeyValueOfguidstring><KeyValueOfguidstring><Key>d61c29ac-683d-4e39-8cc7-aaacdda46472</Key><Value>Page02</Value></KeyValueOfguidstring><KeyValueOfguidstring><Key>511b5e77-c566-4bee-bfeb-fb7c938213e8</Key><Value>Signal Intensity02</Value></KeyValueOfguidstring><KeyValueOfguidstring><Key>6bf98dc2-c990-48ec-a1aa-5e4616dc9c5b</Key><Value>Refesh02</Value></KeyValueOfguidstring><KeyValueOfguidstring><Key>0661bc9f-59bd-4421-84da-5d9845506983</Key><Value>Switch02</Value></KeyValueOfguidstring><KeyValueOfguidstring><Key>b1601494-64b1-4145-b4bc-d577f6346933</Key><Value>PNG1802</Value></KeyValueOfguidstring><KeyValueOfguidstring><Key>d2941a01-2c5c-4f5b-98f3-d0545691d948</Key><Value>PNG302</Value></KeyValueOfguidstring><KeyValueOfguidstring><Key>7d80b936-59c8-45e5-b1be-a79e58bd8014</Key><Value>PNG4702</Value></KeyValueOfguidstring><KeyValueOfguidstring><Key>8f52b5dc-01ea-4903-8369-884ee90ceaa5</Key><Value>PNG502</Value></KeyValueOfguidstring><KeyValueOfguidstring><Key>d1a3ddd9-abef-4b62-a4e1-028a0bfbddc3</Key><Value>Switch00102</Value></KeyValueOfguidstring><KeyValueOfguidstring><Key>008d1a33-96fd-4ce7-896e-4f42348182de</Key><Value>Switch02002</Value></KeyValueOfguidstring><KeyValueOfguidstring><Key>e6556bbb-7079-40b8-8bb7-12721e28c54c</Key><Value>Elbow00102</Value></KeyValueOfguidstring><KeyValueOfguidstring><Key>6f73f85a-341f-467f-9620-926fe18fda0e</Key><Value>Elbow00202</Value></KeyValueOfguidstring><KeyValueOfguidstring><Key>73c4a0a3-44d8-47e0-9647-e9bcaaeaf10a</Key><Value>Elbow00302</Value></KeyValueOfguidstring><KeyValueOfguidstring><Key>6b2d1a1b-c0ea-4146-b467-3ea2d6510b9c</Key><Value>Elbow00902</Value></KeyValueOfguidstring><KeyValueOfguidstring><Key>5c332db2-b89f-44ac-a565-7922be15e5d7</Key><Value>indicatorlamp00202</Value></KeyValueOfguidstring><KeyValueOfguidstring><Key>3699ed2b-327d-4767-a865-f21f258fa8f6</Key><Value>indicatorlamp00602</Value></KeyValueOfguidstring><KeyValueOfguidstring><Key>7d746e2f-7d03-4f79-88e1-79e407f4922f</Key><Value>indicatorlamp00502</Value></KeyValueOfguidstring><KeyValueOfguidstring><Key>9c351452-a569-4252-a721-b684fe49d2fa</Key><Value>indicatorlampPNG2002</Value></KeyValueOfguidstring><KeyValueOfguidstring><Key>998c6913-e5cb-43cd-a854-9c51e502fc36</Key><Value>indicatorlampPNG302</Value></KeyValueOfguidstring><KeyValueOfguidstring><Key>c0c9ee7c-3b64-4a92-8fef-ad7bab6c93ff</Key><Value>Ethernet port04</Value></KeyValueOfguidstring><KeyValueOfguidstring><Key>499a71b1-d00f-4289-bbba-ee5f7417b963</Key><Value>flowblock02</Value></KeyValueOfguidstring><KeyValueOfguidstring><Key>9a74e817-7812-480a-bd35-0479fb63441e</Key><Value>sliding color02</Value></KeyValueOfguidstring><KeyValueOfguidstring><Key>af4116b3-83c1-4ead-9dfe-c5e191dff1b9</Key><Value>circle dot02</Value></KeyValueOfguidstring><KeyValueOfguidstring><Key>29fbed1a-d3f4-49e0-bee5-54969b079aa1</Key><Value>Ethernet port03</Value></KeyValueOfguidstring><KeyValueOfguidstring><Key>18d7b0d6-3ffd-4fc2-a130-afc8f1416ff7</Key><Value>background02</Value></KeyValueOfguidstring><KeyValueOfguidstring><Key>3e6182ba-2d45-442b-8d35-a149776cea2d</Key><Value>PNG3902</Value></KeyValueOfguidstring><KeyValueOfguidstring><Key>65393957-780c-4978-93f0-4e86d369d024</Key><Value>Frame00202</Value></KeyValueOfguidstring><KeyValueOfguidstring><Key>86d333f7-7923-415a-a71f-0c01699ddd6b</Key><Value>backspace02</Value></KeyValueOfguidstring><KeyValueOfguidstring><Key>2c613598-d273-4c8a-a243-a2fda4a1707f</Key><Value>Restart02</Value></KeyValueOfguidstring><KeyValueOfguidstring><Key>a75665e1-4ef9-4e9c-91c8-b430d6a799cb</Key><Value>Radio box02</Value></KeyValueOfguidstring><KeyValueOfguidstring><Key>66f78f52-16c3-474c-a5b9-654d7ed84198</Key><Value>volume + 02</Value></KeyValueOfguidstring><KeyValueOfguidstring><Key>c94363f2-0120-40c0-9845-3f4894998ba2</Key><Value>volume - 02</Value></KeyValueOfguidstring><KeyValueOfguidstring><Key>7b78e644-748f-437e-bbf4-6c07269b68ed</Key><Value>Radio box03</Value></KeyValueOfguidstring><KeyValueOfguidstring><Key>e1ea02b7-03bf-4e16-9f7b-c878fae1f4e7</Key><Value>Radio box04</Value></KeyValueOfguidstring><KeyValueOfguidstring><Key>238878d4-31d4-49f0-934f-ebde4830911b</Key><Value>开关050</Value></KeyValueOfguidstring><KeyValueOfguidstring><Key>14adbb98-061c-40b6-9f8b-97b599b8a16d</Key><Value>按钮007</Value></KeyValueOfguidstring><KeyValueOfguidstring><Key>94158478-0cb0-48f4-8b28-4a790e871219</Key><Value>传感器</Value></KeyValueOfguidstring><KeyValueOfguidstring><Key>53f6dd76-7eb7-4638-82f4-6b51b36b2a29</Key><Value>开关001</Value></KeyValueOfguidstring><KeyValueOfguidstring><Key>dc99633d-4ef2-4fa4-b4d4-df666deae4c0</Key><Value>指示灯018</Value></KeyValueOfguidstring><KeyValueOfguidstring><Key>74d174c8-dd5e-4dcb-9a94-214ebc88e8e9</Key><Value>传感器反</Value></KeyValueOfguidstring></ArrayOfKeyValueOfguidstring>