<?xml version="1.0" encoding="utf-8" ?>
<Properties>
 <Property name="对象标识" id="2000" index="0" type="7">25/14/1/0</Property>
 <Property name="最后修订者:标识" id="3010" index="0" type="7"/>
 <Property name="最后修订者:名称" id="3011" index="0" type="7"/>
 <Property name="最后修订者:电话" id="3012" index="0" type="7"/>
 <Property name="最后修订者:电子邮件" id="3013" index="0" type="7"/>
 <Property name="项目结构:功能分配" id="10001" index="0" type="7"/>
 <Property name="项目结构:高层代号" id="10002" index="0" type="7">&lt;1100&gt;&lt;1101&gt;&lt;1102&gt;&lt;1103&gt;&lt;1104&gt;&lt;1105&gt;&lt;1106&gt;&lt;1107&gt;&lt;1108&gt;&lt;1109&gt;</Property>
 <Property name="项目结构:安装地点" id="10003" index="0" type="7"/>
 <Property name="项目结构:位置代号" id="10004" index="0" type="7">&lt;1200&gt;&lt;1201&gt;&lt;1202&gt;&lt;1203&gt;&lt;1204&gt;&lt;1205&gt;&lt;1206&gt;&lt;1207&gt;&lt;1208&gt;&lt;1209&gt;</Property>
 <Property name="项目结构:高层代号数" id="10005" index="0" type="7">&lt;1700&gt;</Property>
 <Property name="项目结构:文档类型" id="10006" index="0" type="7"/>
 <Property name="项目结构:用户自定义的结构" id="10007" index="0" type="7"/>
 <Property name="项目名称(完整)" id="10009" index="0" type="7">C:\Users\Admin\Desktop\GIT储存库\shenzhenleadshine\175自定义行架\新项目(2).elk</Property>
 <Property name="项目路径" id="10010" index="0" type="7">C:\Users\Admin\Desktop\GIT储存库\shenzhenleadshine\175自定义行架</Property>
 <Property name="项目描述" id="10011" index="0" type="15">de_DE@Projektvorlage mit Kennzeichnungsstruktur gemäß IEC-Norm: Seitenstruktur mit Anlage und Einbauort;en_US@Project template with identification structure in accordance with IEC standard: Page structure with higher-level function and mounting location;es_ES@Plantilla de proyecto con estructura de identificación según la norma IEC: Estructura de página con instalación y lugar de montaje;fr_FR@Modèle de projet avec structure d&apos;identification conformément à la norme IEC : Structure de page avec installation et lieu de montage;nl_NL@Projectsjabloon met coderingsstructuur volgens IEC-Norm: paginastructuur met groep en inbouwplaats;sv_SE@Projektmall med beteckningsstruktur enligt IEC-normen: bladstruktur med anläggning och montageplacering;da_DK@Projektskabelon med identificerende struktur iht. IEC-norm: Sidestruktur med anlæg og placering;ru_RU@Шаблон проекта со структурой обозначений согласно стандарту IEC: Структура страницы с установкой и местом установки;zh_CN@带 IEC 标准标识结构的项目模板:带有高层代号和位置代号的页结构;pl_PL@Szablon projektu ze strukturą oznaczeń zgodnie z normą IEC: Struktura stron z urządzeniem i miejscem montażu;pt_BR@Projeto de modelo com estrutura de identificação de acordo com a norma IEC: Estrutura da página com instalação e local de montagem;cs_CZ@Šablona projektu se strukturou označení podle normy IEC: Struktura stran se zařízením a místem instalace;it_IT@Modello di progetto con struttura identificativa conforme alla norma IEC: Struttura pagine con impianto e luogo di montaggio;hu_HU@Projektsablon jelzési szerkezettel az IEC-szabvány szerint: Tervlapszerkezet főcsoporttal és beépítési hellyel;pt_PT@Modelo de projeto com estrutura de bloco identificador conforme a norma IEC: estrutura de página com instalação e local de montagem;ko_KR@IEC 표준에 따른 식별 구조가 있는 프로젝트 템플릿: 상위 레벨 기능 및 부착 영역이 있는 페이지 구조;ja_JP@プロジェクト テンプレート、IEC 規格に準拠した識別子構造: 上位階層機能および実装位置を使用したページ構造;tr_TR@IEC normuna göre tanımlama yapılı proje şablonu: Üst düzey fonksiyon ve montaj yeri içeren sayfa yapısı;ro_RO@Şablon proiect cu structură indicator conform standardului IEC: Structură pagină cu funcţie superioară şi locaţie de montare;</Property>
 <Property name="设备标识符中使用页名" id="10012" index="0" type="1">0</Property>
 <Property name="项目编号" id="10013" index="0" type="7">IEC_tpl001</Property>
 <Property name="代理" id="10014" index="0" type="15">de_DE@EPLAN;en_US@EPLAN;es_ES@EPLAN;fr_FR@EPLAN;nl_NL@EPLAN;sv_SE@EPLAN;da_DK@EPLAN;ru_RU@EPLAN;zh_CN@EPLAN;pl_PL@EPLAN;pt_BR@EPLAN;cs_CZ@EPLAN;it_IT@EPLAN;hu_HU@EPLAN;pt_PT@EPLAN;ko_KR@EPLAN;ja_JP@EPLAN;tr_TR@EPLAN;ro_RO@EPLAN;</Property>
 <Property name="公司名称" id="10015" index="0" type="7">EPLAN Software &amp; Service&#10;GmbH &amp; Co. KG</Property>
 <Property name="公司地址 1" id="10016" index="0" type="7">An der alten Ziegelei 2</Property>
 <Property name="公司地址 2" id="10017" index="0" type="7">D-40789 Monheim am Rhein / Germany</Property>
 <Property name="结构的分隔符" id="10018" index="0" type="7">16&#9;==&#9;.&#9;=&#9;.&#9;++&#9;.&#9;+&#9;.&#9;&#9;&#9;&amp;&#9;&#9;#&#9;#&#9;-&#9;-</Property>
 <Property name="设备标识符的嵌套" id="10019" index="0" type="7">16&#9;0&#9;1&#9;1&#9;1&#9;1&#9;0&#9;1&#9;0&#9;0&#9;0&#9;0&#9;0&#9;0&#9;0&#9;0&#9;0</Property>
 <Property name="创建者" id="10020" index="0" type="7">Big Fish &amp; Begonia</Property>
 <Property name="创建日期" id="10021" index="0" type="14">1712233519</Property>
 <Property name="最后修订者:登录名" id="10022" index="0" type="7">ADMIN</Property>
 <Property name="更改日期" id="10023" index="0" type="14">1719792459</Property>
 <Property name="最后的外语翻译: 日期" id="10024" index="0" type="14">1583402155</Property>
 <Property name="今天的日期" id="10027" index="0" type="14">1719792495</Property>
 <Property name="项目启动" id="10028" index="0" type="14">1712233520</Property>
 <Property name="上一级的结构格式" id="10029" index="0" type="7">4&#9;0&#9;0&#9;0&#9;0</Property>
 <Property name="环境因素" id="10034" index="0" type="15">de_DE@keine;en_US@None;nl_NL@geen;fr_FR@aucune;es_ES@ninguno;sv_SE@ingen;da_DK@ingen;zh_CN@无;ru_RU@нет;pl_PL@brak;pt_BR@nenhum;cs_CZ@žádné;it_IT@nessuna;hu_HU@Egy se;pt_PT@nenhum;ko_KR@없음;ja_JP@なし;tr_TR@yok;ro_RO@niciunul/niciuna;</Property>
 <Property name="最近使用的 EPLAN 版本" id="10043" index="0" type="7">2.9.4</Property>
 <Property name="最近使用的 EPLAN 内部版本号" id="10044" index="0" type="7">14642</Property>
 <Property name="完整项目路径" id="10045" index="0" type="7">C:\Users\Admin\Desktop\GIT储存库\shenzhenleadshine\175自定义行架</Property>
 <Property name="创建时间" id="10046" index="0" type="7">20:25:19</Property>
 <Property name="修改时间" id="10047" index="0" type="7">8:07:39</Property>
 <Property name="最后的外语翻译:时间" id="10048" index="0" type="7">17:55:55</Property>
 <Property name="结构格式:页" id="10050" index="0" type="7">&lt;10002&gt;&lt;10004&gt;&lt;11012&gt;&lt;11013&gt;</Property>
 <Property name="结构格式:中断点" id="10051" index="0" type="7">&lt;10002&gt;&lt;10004&gt;&lt;20012&gt;&lt;20013&gt;&lt;20014&gt;&lt;20015&gt;</Property>
 <Property name="结构格式:母线" id="10053" index="0" type="7">&lt;10002&gt;&lt;10004&gt;&lt;20012&gt;&lt;20013&gt;&lt;20014&gt;&lt;20015&gt;&lt;20016&gt;&lt;20017&gt;&lt;20018&gt;&lt;20019&gt;</Property>
 <Property name="上一级结构格式:所有设备" id="10054" index="0" type="7">&lt;10002&gt;&lt;10004&gt;&lt;10005&gt;&lt;20012&gt;&lt;20013&gt;&lt;20014&gt;&lt;20015&gt;&lt;20016&gt;&lt;20017&gt;&lt;20018&gt;&lt;20019&gt;</Property>
 <Property name="结构格式:常规设备" id="10055" index="0" type="7">&lt;10002&gt;&lt;10004&gt;&lt;20012&gt;&lt;20013&gt;&lt;20014&gt;&lt;20015&gt;&lt;20016&gt;&lt;20017&gt;&lt;20018&gt;&lt;20019&gt;</Property>
 <Property name="结构格式:黑盒" id="10056" index="0" type="7">&lt;10002&gt;&lt;10004&gt;&lt;20012&gt;&lt;20013&gt;&lt;20014&gt;&lt;20015&gt;&lt;20016&gt;&lt;20017&gt;&lt;20018&gt;&lt;20019&gt;</Property>
 <Property name="结构格式:PLC/总线技术" id="10057" index="0" type="7">&lt;10002&gt;&lt;10004&gt;&lt;20012&gt;&lt;20013&gt;&lt;20014&gt;&lt;20015&gt;&lt;20016&gt;&lt;20017&gt;&lt;20018&gt;&lt;20019&gt;</Property>
 <Property name="白天" id="10058" index="0" type="14">1719792495</Property>
 <Property name="结构格式:端子排" id="10059" index="0" type="7">&lt;10002&gt;&lt;10004&gt;&lt;20012&gt;&lt;20013&gt;&lt;20014&gt;&lt;20015&gt;&lt;20016&gt;&lt;20017&gt;&lt;20018&gt;&lt;20019&gt;</Property>
 <Property name="结构格式:插头" id="10060" index="0" type="7">&lt;10002&gt;&lt;10004&gt;&lt;20012&gt;&lt;20013&gt;&lt;20014&gt;&lt;20015&gt;&lt;20016&gt;&lt;20017&gt;&lt;20018&gt;&lt;20019&gt;</Property>
 <Property name="结构格式:电缆" id="10061" index="0" type="7">&lt;10002&gt;&lt;10004&gt;&lt;20012&gt;&lt;20013&gt;&lt;20014&gt;&lt;20015&gt;&lt;20016&gt;&lt;20017&gt;&lt;20018&gt;&lt;20019&gt;</Property>
 <Property name="结构格式:结构盒" id="10062" index="0" type="7">&lt;10002&gt;&lt;10004&gt;&lt;10005&gt;&lt;20012&gt;&lt;20013&gt;&lt;20014&gt;&lt;20015&gt;&lt;20016&gt;&lt;20017&gt;&lt;20018&gt;&lt;20019&gt;</Property>
 <Property name="结构格式:流体设备" id="10063" index="0" type="7">&lt;10005&gt;&lt;20012&gt;&lt;20013&gt;&lt;20014&gt;&lt;20015&gt;&lt;20016&gt;&lt;20017&gt;&lt;20018&gt;&lt;20019&gt;</Property>
 <Property name="流体连接分线器/线路连接器的结构格式" id="10064" index="0" type="7">&lt;20012&gt;&lt;20013&gt;&lt;20014&gt;&lt;20015&gt;&lt;20016&gt;&lt;20017&gt;&lt;20018&gt;&lt;20019&gt;</Property>
 <Property name="每种页类型的冻结页数" id="10065" index="1" type="4">0</Property>
 <Property name="每种页类型的冻结页数" id="10065" index="2" type="4">0</Property>
 <Property name="每种页类型的冻结页数" id="10065" index="3" type="4">0</Property>
 <Property name="每种页类型的冻结页数" id="10065" index="4" type="4">0</Property>
 <Property name="每种页类型的冻结页数" id="10065" index="5" type="4">0</Property>
 <Property name="每种页类型的冻结页数" id="10065" index="6" type="4">0</Property>
 <Property name="每种页类型的冻结页数" id="10065" index="7" type="4">0</Property>
 <Property name="每种页类型的冻结页数" id="10065" index="8" type="4">0</Property>
 <Property name="每种页类型的冻结页数" id="10065" index="9" type="4">0</Property>
 <Property name="每种页类型的冻结页数" id="10065" index="10" type="4">0</Property>
 <Property name="每种页类型的冻结页数" id="10065" index="11" type="4">0</Property>
 <Property name="每种页类型的冻结页数" id="10065" index="12" type="4">0</Property>
 <Property name="每种页类型的冻结页数" id="10065" index="13" type="4">0</Property>
 <Property name="每种页类型的冻结页数" id="10065" index="14" type="4">0</Property>
 <Property name="每种页类型的冻结页数" id="10065" index="15" type="4">0</Property>
 <Property name="每种页类型的冻结页数" id="10065" index="16" type="4">0</Property>
 <Property name="每种页类型的冻结页数" id="10065" index="17" type="4">0</Property>
 <Property name="每种页类型的冻结页数" id="10065" index="18" type="4">0</Property>
 <Property name="每种页类型的冻结页数" id="10065" index="19" type="4">0</Property>
 <Property name="每种页类型的冻结页数" id="10065" index="20" type="4">0</Property>
 <Property name="每种页类型的冻结页数" id="10065" index="21" type="4">0</Property>
 <Property name="每种页类型的冻结页数" id="10065" index="22" type="4">0</Property>
 <Property name="每种页类型的冻结页数" id="10065" index="23" type="4">0</Property>
 <Property name="每种页类型的冻结页数" id="10065" index="24" type="4">0</Property>
 <Property name="每种页类型的冻结页数" id="10065" index="25" type="4">0</Property>
 <Property name="每种页类型的冻结页数" id="10065" index="26" type="4">0</Property>
 <Property name="每种页类型的冻结页数" id="10065" index="27" type="4">0</Property>
 <Property name="每种页类型的冻结页数" id="10065" index="28" type="4">0</Property>
 <Property name="每种页类型的冻结页数" id="10065" index="29" type="4">0</Property>
 <Property name="每种页类型的冻结页数" id="10065" index="30" type="4">0</Property>
 <Property name="每种页类型的冻结页数" id="10065" index="31" type="4">0</Property>
 <Property name="每种页类型的冻结页数" id="10065" index="32" type="4">0</Property>
 <Property name="每种页类型的冻结页数" id="10065" index="33" type="4">0</Property>
 <Property name="每种页类型的冻结页数" id="10065" index="34" type="4">0</Property>
 <Property name="每种页类型的冻结页数" id="10065" index="35" type="4">0</Property>
 <Property name="每种页类型的冻结页数" id="10065" index="36" type="4">0</Property>
 <Property name="每种页类型的冻结页数" id="10065" index="37" type="4">0</Property>
 <Property name="每种页类型的冻结页数" id="10065" index="38" type="4">0</Property>
 <Property name="每种页类型的冻结页数" id="10065" index="39" type="4">0</Property>
 <Property name="每种页类型的冻结页数" id="10065" index="40" type="4">0</Property>
 <Property name="每种页类型的冻结页数" id="10065" index="41" type="4">0</Property>
 <Property name="每种页类型的冻结页数" id="10065" index="42" type="4">0</Property>
 <Property name="每种页类型的冻结页数" id="10065" index="43" type="4">0</Property>
 <Property name="每种页类型的冻结页数" id="10065" index="44" type="4">0</Property>
 <Property name="每种页类型的冻结页数" id="10065" index="45" type="4">0</Property>
 <Property name="每种页类型的冻结页数" id="10065" index="46" type="4">0</Property>
 <Property name="每种页类型的冻结页数" id="10065" index="47" type="4">0</Property>
 <Property name="每种页类型的冻结页数" id="10065" index="48" type="4">0</Property>
 <Property name="每种页类型的冻结页数" id="10065" index="49" type="4">0</Property>
 <Property name="每种页类型的冻结页数" id="10065" index="50" type="4">0</Property>
 <Property name="每种页类型的冻结页数" id="10065" index="51" type="4">0</Property>
 <Property name="每种页类型的冻结页数" id="10065" index="52" type="4">0</Property>
 <Property name="每种页类型的冻结页数" id="10065" index="53" type="4">0</Property>
 <Property name="每种页类型的冻结页数" id="10065" index="54" type="4">0</Property>
 <Property name="每种页类型的冻结页数" id="10065" index="55" type="4">0</Property>
 <Property name="每种页类型的冻结页数" id="10065" index="56" type="4">0</Property>
 <Property name="每种页类型的冻结页数" id="10065" index="57" type="4">0</Property>
 <Property name="每种页类型的冻结页数" id="10065" index="58" type="4">0</Property>
 <Property name="每种页类型的冻结页数" id="10065" index="59" type="4">0</Property>
 <Property name="每种页类型的冻结页数" id="10065" index="60" type="4">0</Property>
 <Property name="每种页类型的冻结页数" id="10065" index="61" type="4">0</Property>
 <Property name="每种页类型的冻结页数" id="10065" index="62" type="4">0</Property>
 <Property name="每种页类型的冻结页数" id="10065" index="63" type="4">0</Property>
 <Property name="项目模板" id="10069" index="0" type="7">IEC_tpl001.ept</Property>
 <Property name="命名格式:页" id="10070" index="0" type="7">&lt;10002&gt;&lt;10004&gt;&lt;11012&gt;&lt;11013&gt;</Property>
 <Property name="命名格式:中断点" id="10071" index="0" type="7">&lt;10002&gt;&lt;10004&gt;&lt;20012&gt;&lt;20013&gt;&lt;20014&gt;&lt;20015&gt;</Property>
 <Property name="Internal: Build" id="10072" index="0" type="7">14642</Property>
 <Property name="命名格式:母线" id="10073" index="0" type="7">&lt;10002&gt;&lt;10004&gt;&lt;20012&gt;&lt;20013&gt;&lt;20014&gt;&lt;20015&gt;&lt;20016&gt;&lt;20017&gt;&lt;20018&gt;&lt;20019&gt;</Property>
 <Property name="上一级命名格式:所有设备" id="10074" index="0" type="7">&lt;10002&gt;&lt;10004&gt;&lt;10005&gt;&lt;20012&gt;&lt;20013&gt;&lt;20014&gt;&lt;20015&gt;&lt;20016&gt;&lt;20017&gt;&lt;20018&gt;&lt;20019&gt;</Property>
 <Property name="命名格式:设备" id="10075" index="0" type="7">&lt;10002&gt;&lt;10004&gt;&lt;20012&gt;&lt;20013&gt;&lt;20014&gt;&lt;20015&gt;&lt;20016&gt;&lt;20017&gt;&lt;20018&gt;&lt;20019&gt;</Property>
 <Property name="命名格式:黑盒" id="10076" index="0" type="7">&lt;10002&gt;&lt;10004&gt;&lt;20012&gt;&lt;20013&gt;&lt;20014&gt;&lt;20015&gt;&lt;20016&gt;&lt;20017&gt;&lt;20018&gt;&lt;20019&gt;</Property>
 <Property name="命名格式:PLC/总线技术" id="10077" index="0" type="7">&lt;10002&gt;&lt;10004&gt;&lt;20012&gt;&lt;20013&gt;&lt;20014&gt;&lt;20015&gt;&lt;20016&gt;&lt;20017&gt;&lt;20018&gt;&lt;20019&gt;</Property>
 <Property name="命名格式:端子排" id="10079" index="0" type="7">&lt;10002&gt;&lt;10004&gt;&lt;20012&gt;&lt;20013&gt;&lt;20014&gt;&lt;20015&gt;&lt;20016&gt;&lt;20017&gt;&lt;20018&gt;&lt;20019&gt;</Property>
 <Property name="命名格式:插头" id="10080" index="0" type="7">&lt;10002&gt;&lt;10004&gt;&lt;20012&gt;&lt;20013&gt;&lt;20014&gt;&lt;20015&gt;&lt;20016&gt;&lt;20017&gt;&lt;20018&gt;&lt;20019&gt;</Property>
 <Property name="命名格式:电缆" id="10081" index="0" type="7">&lt;10002&gt;&lt;10004&gt;&lt;20012&gt;&lt;20013&gt;&lt;20014&gt;&lt;20015&gt;&lt;20016&gt;&lt;20017&gt;&lt;20018&gt;&lt;20019&gt;</Property>
 <Property name="命名格式:结构盒" id="10082" index="0" type="7">&lt;10002&gt;&lt;10004&gt;&lt;10005&gt;&lt;20012&gt;&lt;20013&gt;&lt;20014&gt;&lt;20015&gt;&lt;20016&gt;&lt;20017&gt;&lt;20018&gt;&lt;20019&gt;</Property>
 <Property name="命名格式:流体设备" id="10083" index="0" type="7">&lt;10005&gt;&lt;20012&gt;&lt;20013&gt;&lt;20014&gt;&lt;20015&gt;&lt;20016&gt;&lt;20017&gt;&lt;20018&gt;&lt;20019&gt;</Property>
 <Property name="流体连接分线器/线路连接器的命名格式" id="10084" index="0" type="7">&lt;20012&gt;&lt;20013&gt;&lt;20014&gt;&lt;20015&gt;&lt;20016&gt;&lt;20017&gt;&lt;20018&gt;&lt;20019&gt;</Property>
 <Property name="结构格式:机械设备" id="10085" index="0" type="7">&lt;10002&gt;&lt;10004&gt;&lt;20012&gt;&lt;20013&gt;&lt;20014&gt;&lt;20015&gt;&lt;20016&gt;&lt;20017&gt;&lt;20018&gt;&lt;20019&gt;</Property>
 <Property name="命名格式:机械设备" id="10086" index="0" type="7">&lt;10002&gt;&lt;10004&gt;&lt;20012&gt;&lt;20013&gt;&lt;20014&gt;&lt;20015&gt;&lt;20016&gt;&lt;20017&gt;&lt;20018&gt;&lt;20019&gt;</Property>
 <Property name="Internal: Highest used EPLAN build number" id="10087" index="0" type="4">14642</Property>
 <Property name="Internal: Highest used EPLAN version" id="10088" index="0" type="7">2.9.4.14642</Property>
 <Property name="页名中的项目结构顺序" id="10089" index="0" type="7">&lt;10001&gt;&lt;10002&gt;&lt;10003&gt;&lt;10004&gt;&lt;10006&gt;&lt;10007&gt;&lt;10005&gt;</Property>
 <Property name="在不同区域编辑设备标识符" id="10090" index="0" type="1">0</Property>
 <Property name="设备标识符单个属性的顺序" id="10091" index="0" type="7"/>
 <Property name="在页树中树形视图的结构" id="10092" index="0" type="7">3&#9;11017&#9;0&#9;0&#9;10002&#9;0&#9;1&#9;10004&#9;0&#9;1</Property>
 <Property name="在页树中显示描述性标识符" id="10093" index="0" type="1">0</Property>
 <Property name="在设备导航器中树形视图的结构" id="10094" index="0" type="7">3&#9;10002&#9;0&#9;1&#9;10004&#9;0&#9;1&#9;10005&#9;0&#9;1&#9;20012&#9;0&#9;0&#9;20013&#9;0&#9;0&#9;20014&#9;0&#9;0&#9;20015&#9;0&#9;0</Property>
 <Property name="在设备导航器中显示描述性标识符" id="10095" index="0" type="1">0</Property>
 <Property name="块属性: 格式 (管路定义)" id="10097" index="0" type="7">0</Property>
 <Property name="最高修订索引(出自修订信息跟踪)" id="10098" index="0" type="7"/>
 <Property name="修订: 源项目名称" id="10149" index="0" type="7"/>
 <Property name="唯一的项目 ID" id="10184" index="0" type="7">新项目(2)@1712233519</Property>
 <Property name="加密狗的许可号" id="10185" index="0" type="7">CHAOS363</Property>
 <Property name="每个页类型的页数" id="10200" index="1" type="4">7</Property>
 <Property name="每个页类型的页数" id="10200" index="2" type="4">0</Property>
 <Property name="每个页类型的页数" id="10200" index="3" type="4">0</Property>
 <Property name="每个页类型的页数" id="10200" index="4" type="4">0</Property>
 <Property name="每个页类型的页数" id="10200" index="5" type="4">0</Property>
 <Property name="每个页类型的页数" id="10200" index="6" type="4">0</Property>
 <Property name="每个页类型的页数" id="10200" index="7" type="4">0</Property>
 <Property name="每个页类型的页数" id="10200" index="8" type="4">0</Property>
 <Property name="每个页类型的页数" id="10200" index="9" type="4">0</Property>
 <Property name="每个页类型的页数" id="10200" index="10" type="4">0</Property>
 <Property name="每个页类型的页数" id="10200" index="11" type="4">0</Property>
 <Property name="每个页类型的页数" id="10200" index="12" type="4">0</Property>
 <Property name="每个页类型的页数" id="10200" index="13" type="4">0</Property>
 <Property name="每个页类型的页数" id="10200" index="14" type="4">0</Property>
 <Property name="每个页类型的页数" id="10200" index="15" type="4">0</Property>
 <Property name="每个页类型的页数" id="10200" index="16" type="4">0</Property>
 <Property name="每个页类型的页数" id="10200" index="17" type="4">0</Property>
 <Property name="每个页类型的页数" id="10200" index="18" type="4">0</Property>
 <Property name="每个页类型的页数" id="10200" index="19" type="4">0</Property>
 <Property name="每个页类型的页数" id="10200" index="20" type="4">0</Property>
 <Property name="每个页类型的页数" id="10200" index="21" type="4">0</Property>
 <Property name="每个页类型的页数" id="10200" index="22" type="4">0</Property>
 <Property name="每个页类型的页数" id="10200" index="23" type="4">0</Property>
 <Property name="每个页类型的页数" id="10200" index="24" type="4">0</Property>
 <Property name="每个页类型的页数" id="10200" index="25" type="4">0</Property>
 <Property name="每个页类型的页数" id="10200" index="26" type="4">0</Property>
 <Property name="每个页类型的页数" id="10200" index="27" type="4">0</Property>
 <Property name="每个页类型的页数" id="10200" index="28" type="4">0</Property>
 <Property name="每个页类型的页数" id="10200" index="29" type="4">0</Property>
 <Property name="每个页类型的页数" id="10200" index="30" type="4">0</Property>
 <Property name="每个页类型的页数" id="10200" index="31" type="4">0</Property>
 <Property name="每个页类型的页数" id="10200" index="32" type="4">0</Property>
 <Property name="每个页类型的页数" id="10200" index="33" type="4">0</Property>
 <Property name="每个页类型的页数" id="10200" index="34" type="4">0</Property>
 <Property name="每个页类型的页数" id="10200" index="35" type="4">0</Property>
 <Property name="每个页类型的页数" id="10200" index="36" type="4">0</Property>
 <Property name="每个页类型的页数" id="10200" index="37" type="4">0</Property>
 <Property name="每个页类型的页数" id="10200" index="38" type="4">0</Property>
 <Property name="每个页类型的页数" id="10200" index="39" type="4">0</Property>
 <Property name="每个页类型的页数" id="10200" index="40" type="4">0</Property>
 <Property name="每个页类型的页数" id="10200" index="41" type="4">0</Property>
 <Property name="每个页类型的页数" id="10200" index="42" type="4">0</Property>
 <Property name="每个页类型的页数" id="10200" index="43" type="4">0</Property>
 <Property name="每个页类型的页数" id="10200" index="44" type="4">0</Property>
 <Property name="每个页类型的页数" id="10200" index="45" type="4">0</Property>
 <Property name="每个页类型的页数" id="10200" index="46" type="4">0</Property>
 <Property name="每个页类型的页数" id="10200" index="47" type="4">0</Property>
 <Property name="每个页类型的页数" id="10200" index="48" type="4">0</Property>
 <Property name="每个页类型的页数" id="10200" index="49" type="4">0</Property>
 <Property name="每个页类型的页数" id="10200" index="50" type="4">0</Property>
 <Property name="每个页类型的页数" id="10200" index="51" type="4">0</Property>
 <Property name="每个页类型的页数" id="10200" index="52" type="4">0</Property>
 <Property name="每个页类型的页数" id="10200" index="53" type="4">0</Property>
 <Property name="每个页类型的页数" id="10200" index="54" type="4">0</Property>
 <Property name="每个页类型的页数" id="10200" index="55" type="4">0</Property>
 <Property name="每个页类型的页数" id="10200" index="56" type="4">0</Property>
 <Property name="每个页类型的页数" id="10200" index="57" type="4">0</Property>
 <Property name="每个页类型的页数" id="10200" index="58" type="4">0</Property>
 <Property name="每个页类型的页数" id="10200" index="59" type="4">0</Property>
 <Property name="每个页类型的页数" id="10200" index="60" type="4">0</Property>
 <Property name="每个页类型的页数" id="10200" index="61" type="4">0</Property>
 <Property name="每个页类型的页数" id="10200" index="62" type="4">0</Property>
 <Property name="每个页类型的页数" id="10200" index="63" type="4">0</Property>
 <Property name="创建者:简称" id="10230" index="0" type="7">Big Fish &amp; Begonia&#10;</Property>
 <Property name="创建者:称谓" id="10231" index="0" type="7">Big Fish &amp; Begonia&#10;</Property>
 <Property name="创建者:名称 1" id="10232" index="0" type="7">Big Fish &amp; Begonia&#10;</Property>
 <Property name="创建者:名称 2" id="10233" index="0" type="7">Big Fish &amp; Begonia&#10;</Property>
 <Property name="每个页类型的最新更改日期" id="10250" index="1" type="14">1712409655</Property>
 <Property name="每个页类型的最新更改日期" id="10250" index="2" type="14"/>
 <Property name="每个页类型的最新更改日期" id="10250" index="3" type="14"/>
 <Property name="每个页类型的最新更改日期" id="10250" index="4" type="14"/>
 <Property name="每个页类型的最新更改日期" id="10250" index="5" type="14"/>
 <Property name="每个页类型的最新更改日期" id="10250" index="6" type="14"/>
 <Property name="每个页类型的最新更改日期" id="10250" index="7" type="14"/>
 <Property name="每个页类型的最新更改日期" id="10250" index="8" type="14"/>
 <Property name="每个页类型的最新更改日期" id="10250" index="9" type="14"/>
 <Property name="每个页类型的最新更改日期" id="10250" index="10" type="14"/>
 <Property name="每个页类型的最新更改日期" id="10250" index="11" type="14"/>
 <Property name="每个页类型的最新更改日期" id="10250" index="12" type="14"/>
 <Property name="每个页类型的最新更改日期" id="10250" index="13" type="14"/>
 <Property name="每个页类型的最新更改日期" id="10250" index="14" type="14"/>
 <Property name="每个页类型的最新更改日期" id="10250" index="15" type="14"/>
 <Property name="每个页类型的最新更改日期" id="10250" index="16" type="14"/>
 <Property name="每个页类型的最新更改日期" id="10250" index="17" type="14"/>
 <Property name="每个页类型的最新更改日期" id="10250" index="18" type="14"/>
 <Property name="每个页类型的最新更改日期" id="10250" index="19" type="14"/>
 <Property name="每个页类型的最新更改日期" id="10250" index="20" type="14"/>
 <Property name="每个页类型的最新更改日期" id="10250" index="21" type="14"/>
 <Property name="每个页类型的最新更改日期" id="10250" index="22" type="14"/>
 <Property name="每个页类型的最新更改日期" id="10250" index="23" type="14"/>
 <Property name="每个页类型的最新更改日期" id="10250" index="24" type="14"/>
 <Property name="每个页类型的最新更改日期" id="10250" index="25" type="14"/>
 <Property name="每个页类型的最新更改日期" id="10250" index="26" type="14"/>
 <Property name="每个页类型的最新更改日期" id="10250" index="27" type="14"/>
 <Property name="每个页类型的最新更改日期" id="10250" index="28" type="14"/>
 <Property name="每个页类型的最新更改日期" id="10250" index="29" type="14"/>
 <Property name="每个页类型的最新更改日期" id="10250" index="30" type="14"/>
 <Property name="每个页类型的最新更改日期" id="10250" index="31" type="14"/>
 <Property name="每个页类型的最新更改日期" id="10250" index="32" type="14"/>
 <Property name="每个页类型的最新更改日期" id="10250" index="33" type="14"/>
 <Property name="每个页类型的最新更改日期" id="10250" index="34" type="14"/>
 <Property name="每个页类型的最新更改日期" id="10250" index="35" type="14"/>
 <Property name="每个页类型的最新更改日期" id="10250" index="36" type="14"/>
 <Property name="每个页类型的最新更改日期" id="10250" index="37" type="14"/>
 <Property name="每个页类型的最新更改日期" id="10250" index="38" type="14"/>
 <Property name="每个页类型的最新更改日期" id="10250" index="39" type="14"/>
 <Property name="每个页类型的最新更改日期" id="10250" index="40" type="14"/>
 <Property name="每个页类型的最新更改日期" id="10250" index="41" type="14"/>
 <Property name="每个页类型的最新更改日期" id="10250" index="42" type="14"/>
 <Property name="每个页类型的最新更改日期" id="10250" index="43" type="14"/>
 <Property name="每个页类型的最新更改日期" id="10250" index="44" type="14"/>
 <Property name="每个页类型的最新更改日期" id="10250" index="45" type="14"/>
 <Property name="每个页类型的最新更改日期" id="10250" index="46" type="14"/>
 <Property name="每个页类型的最新更改日期" id="10250" index="47" type="14"/>
 <Property name="每个页类型的最新更改日期" id="10250" index="48" type="14"/>
 <Property name="每个页类型的最新更改日期" id="10250" index="49" type="14"/>
 <Property name="每个页类型的最新更改日期" id="10250" index="50" type="14"/>
 <Property name="每个页类型的最新更改日期" id="10250" index="51" type="14"/>
 <Property name="每个页类型的最新更改日期" id="10250" index="52" type="14"/>
 <Property name="每个页类型的最新更改日期" id="10250" index="53" type="14"/>
 <Property name="每个页类型的最新更改日期" id="10250" index="54" type="14"/>
 <Property name="每个页类型的最新更改日期" id="10250" index="55" type="14"/>
 <Property name="每个页类型的最新更改日期" id="10250" index="56" type="14"/>
 <Property name="每个页类型的最新更改日期" id="10250" index="57" type="14"/>
 <Property name="每个页类型的最新更改日期" id="10250" index="58" type="14"/>
 <Property name="每个页类型的最新更改日期" id="10250" index="59" type="14"/>
 <Property name="每个页类型的最新更改日期" id="10250" index="60" type="14"/>
 <Property name="每个页类型的最新更改日期" id="10250" index="61" type="14"/>
 <Property name="每个页类型的最新更改日期" id="10250" index="62" type="14"/>
 <Property name="每个页类型的最新更改日期" id="10250" index="63" type="14"/>
 <Property name="每种页类型最后的修改时间" id="10251" index="1" type="7">21:20:55</Property>
 <Property name="每种页类型最后的修改时间" id="10251" index="2" type="7"/>
 <Property name="每种页类型最后的修改时间" id="10251" index="3" type="7"/>
 <Property name="每种页类型最后的修改时间" id="10251" index="4" type="7"/>
 <Property name="每种页类型最后的修改时间" id="10251" index="5" type="7"/>
 <Property name="每种页类型最后的修改时间" id="10251" index="6" type="7"/>
 <Property name="每种页类型最后的修改时间" id="10251" index="7" type="7"/>
 <Property name="每种页类型最后的修改时间" id="10251" index="8" type="7"/>
 <Property name="每种页类型最后的修改时间" id="10251" index="9" type="7"/>
 <Property name="每种页类型最后的修改时间" id="10251" index="10" type="7"/>
 <Property name="每种页类型最后的修改时间" id="10251" index="11" type="7"/>
 <Property name="每种页类型最后的修改时间" id="10251" index="12" type="7"/>
 <Property name="每种页类型最后的修改时间" id="10251" index="13" type="7"/>
 <Property name="每种页类型最后的修改时间" id="10251" index="14" type="7"/>
 <Property name="每种页类型最后的修改时间" id="10251" index="15" type="7"/>
 <Property name="每种页类型最后的修改时间" id="10251" index="16" type="7"/>
 <Property name="每种页类型最后的修改时间" id="10251" index="17" type="7"/>
 <Property name="每种页类型最后的修改时间" id="10251" index="18" type="7"/>
 <Property name="每种页类型最后的修改时间" id="10251" index="19" type="7"/>
 <Property name="每种页类型最后的修改时间" id="10251" index="20" type="7"/>
 <Property name="每种页类型最后的修改时间" id="10251" index="21" type="7"/>
 <Property name="每种页类型最后的修改时间" id="10251" index="22" type="7"/>
 <Property name="每种页类型最后的修改时间" id="10251" index="23" type="7"/>
 <Property name="每种页类型最后的修改时间" id="10251" index="24" type="7"/>
 <Property name="每种页类型最后的修改时间" id="10251" index="25" type="7"/>
 <Property name="每种页类型最后的修改时间" id="10251" index="26" type="7"/>
 <Property name="每种页类型最后的修改时间" id="10251" index="27" type="7"/>
 <Property name="每种页类型最后的修改时间" id="10251" index="28" type="7"/>
 <Property name="每种页类型最后的修改时间" id="10251" index="29" type="7"/>
 <Property name="每种页类型最后的修改时间" id="10251" index="30" type="7"/>
 <Property name="每种页类型最后的修改时间" id="10251" index="31" type="7"/>
 <Property name="每种页类型最后的修改时间" id="10251" index="32" type="7"/>
 <Property name="每种页类型最后的修改时间" id="10251" index="33" type="7"/>
 <Property name="每种页类型最后的修改时间" id="10251" index="34" type="7"/>
 <Property name="每种页类型最后的修改时间" id="10251" index="35" type="7"/>
 <Property name="每种页类型最后的修改时间" id="10251" index="36" type="7"/>
 <Property name="每种页类型最后的修改时间" id="10251" index="37" type="7"/>
 <Property name="每种页类型最后的修改时间" id="10251" index="38" type="7"/>
 <Property name="每种页类型最后的修改时间" id="10251" index="39" type="7"/>
 <Property name="每种页类型最后的修改时间" id="10251" index="40" type="7"/>
 <Property name="每种页类型最后的修改时间" id="10251" index="41" type="7"/>
 <Property name="每种页类型最后的修改时间" id="10251" index="42" type="7"/>
 <Property name="每种页类型最后的修改时间" id="10251" index="43" type="7"/>
 <Property name="每种页类型最后的修改时间" id="10251" index="44" type="7"/>
 <Property name="每种页类型最后的修改时间" id="10251" index="45" type="7"/>
 <Property name="每种页类型最后的修改时间" id="10251" index="46" type="7"/>
 <Property name="每种页类型最后的修改时间" id="10251" index="47" type="7"/>
 <Property name="每种页类型最后的修改时间" id="10251" index="48" type="7"/>
 <Property name="每种页类型最后的修改时间" id="10251" index="49" type="7"/>
 <Property name="每种页类型最后的修改时间" id="10251" index="50" type="7"/>
 <Property name="总页数" id="10300" index="0" type="4">7</Property>
 <Property name="创建的页数" id="10301" index="0" type="4">7</Property>
 <Property name="生成的报表页" id="10302" index="0" type="4">0</Property>
 <Property name="项目状态" id="10303" index="0" type="7">11&#9;1&#9;端子&#9;&#9;&#9;&#9;0&#9;0&#9;0&#9;2&#9;插头&#9;&#9;&#9;&#9;0&#9;0&#9;0&#9;3&#9;电缆&#9;&#9;&#9;&#9;0&#9;0&#9;0&#9;4&#9;PLC/总线&#9;&#9;&#9;&#9;0&#9;0&#9;0&#9;5&#9;连接&#9;&#9;&#9;&#9;1&#9;0&#9;0&#9;7&#9;设备&#9;&#9;&#9;&#9;0&#9;0&#9;0&#9;8&#9;外语&#9;&#9;&#9;&#9;0&#9;0&#9;0&#9;10&#9;关联参考&#9;&#9;&#9;&#9;0&#9;0&#9;0&#9;11&#9;中断点&#9;&#9;&#9;&#9;0&#9;0&#9;0&#9;12&#9;2D 安装板布局&#9;&#9;&#9;&#9;0&#9;0&#9;0&#9;13&#9;部件数据&#9;&#9;&#9;&#9;0&#9;0&#9;0&#9;14&#9;宏&#9;&#9;&#9;&#9;0&#9;0&#9;0&#9;15&#9;报表&#9;&#9;&#9;&#9;0&#9;0&#9;0&#9;16&#9;黑盒&#9;&#9;&#9;&#9;0&#9;0&#9;0&#9;17&#9;设备标识符&#9;&#9;&#9;&#9;0&#9;0&#9;0&#9;18&#9;EPLAN 5 数据导入&#9;&#9;&#9;&#9;0&#9;0&#9;0&#9;19&#9;EPLAN 21 数据导入&#9;&#9;&#9;&#9;0&#9;0&#9;0&#9;20&#9;项目比较&#9;&#9;&#9;&#9;0&#9;0&#9;0&#9;21&#9;占位符对象&#9;&#9;&#9;&#9;0&#9;0&#9;0&#9;22&#9;其它&#9;&#9;&#9;&#9;0&#9;0&#9;0&#9;24&#9;流体&#9;&#9;&#9;&#9;0&#9;0&#9;0&#9;25&#9;项目设置&#9;&#9;&#9;&#9;0&#9;0&#9;0&#9;26&#9;3D 安装布局&#9;&#9;&#9;&#9;0&#9;0&#9;0&#9;27&#9;拓扑&#9;&#9;&#9;&#9;0&#9;0&#9;0&#9;28&#9;预规划&#9;&#9;&#9;&#9;0&#9;0&#9;0&#9;29&#9;预规划深度&#9;&#9;&#9;&#9;0&#9;0&#9;0&#9;30&#9;部分项目&#9;&#9;&#9;&#9;0&#9;0&#9;0&#9;32&#9;钻孔排列样式&#9;&#9;&#9;&#9;0&#9;0&#9;0&#9;33&#9;电缆束&#9;&#9;&#9;&#9;0&#9;0&#9;0&#9;501&#9;部件主数据&#9;&#9;&#9;&#9;0&#9;0&#9;0&#9;999&#9;外部&#9;&#9;&#9;&#9;0&#9;0&#9;0</Property>
 <Property name="布局空间数量" id="10304" index="0" type="4">0</Property>
 <Property name="散热设计: 电压" id="10310" index="0" type="4">5</Property>
 <Property name="散热设计: 频率" id="10311" index="0" type="4">1</Property>
 <Property name="Internal: Page format name" id="10400" index="0" type="15">##_##@703/SchemeDataProject;</Property>
 <Property name="Internal: Interruption point format name" id="10401" index="0" type="15">##_##@703/SchemeDataProject;</Property>
 <Property name="Internal: Busbar format name" id="10403" index="0" type="15">##_##@703/SchemeDataProject;</Property>
 <Property name="Internal: Standard device format name" id="10405" index="0" type="15">##_##@703/SchemeDataProject;</Property>
 <Property name="Internal: Device box format name" id="10406" index="0" type="15">##_##@703/SchemeDataProject;</Property>
 <Property name="Internal: PLC format name" id="10407" index="0" type="15">##_##@703/SchemeDataProject;</Property>
 <Property name="Internal: Terminal strip format name" id="10409" index="0" type="15">##_##@703/SchemeDataProject;</Property>
 <Property name="Internal: Plug format name" id="10410" index="0" type="15">##_##@703/SchemeDataProject;</Property>
 <Property name="Internal: Cable format name" id="10411" index="0" type="15">##_##@703/SchemeDataProject;</Property>
 <Property name="Internal: Fluid format name" id="10412" index="0" type="15">##_##@707/SchemeDataProject;</Property>
 <Property name="Internal: Distributor format name" id="10413" index="0" type="15">##_##@717/SchemeDataProject;</Property>
 <Property name="Internal: Mechanic format name" id="10414" index="0" type="15">##_##@703/SchemeDataProject;</Property>
 <Property name="Internal: Page format description" id="10420" index="0" type="15">##_##@703/SchemeDataProject;</Property>
 <Property name="Internal: Interruption point format description" id="10421" index="0" type="15">##_##@703/SchemeDataProject;</Property>
 <Property name="Internal: Busbar format description" id="10423" index="0" type="15">##_##@703/SchemeDataProject;</Property>
 <Property name="Internal: Standard device format description" id="10425" index="0" type="15">##_##@703/SchemeDataProject;</Property>
 <Property name="Internal: Device box format description" id="10426" index="0" type="15">##_##@703/SchemeDataProject;</Property>
 <Property name="Internal: PLC format description" id="10427" index="0" type="15">##_##@703/SchemeDataProject;</Property>
 <Property name="Internal: Terminal strip format description" id="10429" index="0" type="15">##_##@703/SchemeDataProject;</Property>
 <Property name="Internal: Plug format description" id="10430" index="0" type="15">##_##@703/SchemeDataProject;</Property>
 <Property name="Internal: Cable format description" id="10431" index="0" type="15">##_##@703/SchemeDataProject;</Property>
 <Property name="Internal: Fluid format description" id="10432" index="0" type="15">##_##@707/SchemeDataProject;</Property>
 <Property name="Internal: Distributor format description" id="10433" index="0" type="15">##_##@717/SchemeDataProject;</Property>
 <Property name="Internal: Mechanic format description" id="10434" index="0" type="15">##_##@703/SchemeDataProject;</Property>
 <Property name="将文档类型置于页名的开头" id="10450" index="0" type="1">0</Property>
 <Property name="源语言" id="10500" index="0" type="4">100</Property>
 <Property name="数据备份:方法" id="10514" index="0" type="4">-1</Property>
 <Property name="Internal: Use defined working sections" id="10530" index="0" type="1">0</Property>
 <Property name="块属性: 格式 (中断点)" id="10609" index="5" type="7">[20221&lt;20010,0,0,0,0,0,0,0,0,de_DE,0,0,0,0,0,0&gt;]-[20222,1&lt;4&lt;11037,0,0,0,0,0,0,0,0,de_DE,0,0,0,0,0,5&gt;&gt;][20222,1&lt;4&lt;11042,0,0,0,0,0,0,0,0,de_DE,0,0,0,0,0,0&gt;&gt;]-[20222,1&lt;20221&lt;19006,0,0,0,0,0,0,0,0,de_DE,0,0,0,0,0,0&gt;&gt;]/[20222,1&lt;20221&lt;19005,0,0,0,0,0,0,0,0,de_DE,0,0,0,0,0,0&gt;&gt;]</Property>
 <Property name="块属性: 替代文本" id="10660" index="5" type="7">=│??_??@0;│??_??@E;║=│??_??@2;│??_??@H;║=│??_??@3;│??_??@P;║=│??_??@4;│??_??@C;║=│??_??@5;│??_??@L;║=│??_??@6;│??_??@V;║=│??_??@7;│??_??@F;║=│??_??@8;│??_??@K;║=│??_??@9;│??_??@G;</Property>
 <Property name="项目类型" id="10902" index="0" type="4">1</Property>
 <Property name="Internal: Number of repair processes of the project object" id="10904" index="0" type="4">0</Property>
 <Property name="设置修订性标示格式 (出自修订信息跟踪)" id="19031" index="0" type="7"/>
 <Property name="用户增补说明1" id="40001" index="0" type="15" identname="EPLAN.Project.UserSupplementaryField1" category="1" displaytype="9000"/>
 <Property name="用户增补说明2" id="40002" index="0" type="15" identname="EPLAN.Project.UserSupplementaryField2" category="1" displaytype="9000"/>
 <Property name="用户增补说明3" id="40003" index="0" type="15" identname="EPLAN.Project.UserSupplementaryField3" category="1" displaytype="9000"/>
 <Property name="用户增补说明4" id="40004" index="0" type="15" identname="EPLAN.Project.UserSupplementaryField4" category="1" displaytype="9000"/>
 <Property name="用户增补说明5" id="40005" index="0" type="15" identname="EPLAN.Project.UserSupplementaryField5" category="1" displaytype="9000"/>
 <Property name="用户增补说明6" id="40006" index="0" type="15" identname="EPLAN.Project.UserSupplementaryField6" category="1" displaytype="9000"/>
 <Property name="用户增补说明7" id="40007" index="0" type="15" identname="EPLAN.Project.UserSupplementaryField7" category="1" displaytype="9000"/>
 <Property name="用户增补说明8" id="40008" index="0" type="15" identname="EPLAN.Project.UserSupplementaryField8" category="1" displaytype="9000"/>
 <Property name="用户增补说明9" id="40009" index="0" type="15" identname="EPLAN.Project.UserSupplementaryField9" category="1" displaytype="9000"/>
 <Property name="用户增补说明10" id="40010" index="0" type="15" identname="EPLAN.Project.UserSupplementaryField10" category="1" displaytype="9000"/>
 <Property name="用户增补说明11" id="40011" index="0" type="15" identname="EPLAN.Project.UserSupplementaryField11" category="1" displaytype="9000"/>
 <Property name="用户增补说明12" id="40012" index="0" type="15" identname="EPLAN.Project.UserSupplementaryField12" category="1" displaytype="9000"/>
 <Property name="用户增补说明13" id="40013" index="0" type="15" identname="EPLAN.Project.UserSupplementaryField13" category="1" displaytype="9000"/>
 <Property name="用户增补说明14" id="40014" index="0" type="15" identname="EPLAN.Project.UserSupplementaryField14" category="1" displaytype="9000"/>
 <Property name="用户增补说明15" id="40015" index="0" type="15" identname="EPLAN.Project.UserSupplementaryField15" category="1" displaytype="9000"/>
 <Property name="用户增补说明16" id="40016" index="0" type="15" identname="EPLAN.Project.UserSupplementaryField16" category="1" displaytype="9000"/>
 <Property name="用户增补说明17" id="40017" index="0" type="15" identname="EPLAN.Project.UserSupplementaryField17" category="1" displaytype="9000"/>
 <Property name="用户增补说明18" id="40018" index="0" type="15" identname="EPLAN.Project.UserSupplementaryField18" category="1" displaytype="9000"/>
 <Property name="用户增补说明19" id="40019" index="0" type="15" identname="EPLAN.Project.UserSupplementaryField19" category="1" displaytype="9000"/>
 <Property name="用户增补说明20" id="40020" index="0" type="15" identname="EPLAN.Project.UserSupplementaryField20" category="1" displaytype="9000"/>
 <Property name="用户增补说明21" id="40021" index="0" type="15" identname="EPLAN.Project.UserSupplementaryField21" category="1" displaytype="9000"/>
 <Property name="用户增补说明22" id="40022" index="0" type="15" identname="EPLAN.Project.UserSupplementaryField22" category="1" displaytype="9000"/>
 <Property name="用户增补说明23" id="40023" index="0" type="15" identname="EPLAN.Project.UserSupplementaryField23" category="1" displaytype="9000"/>
 <Property name="用户增补说明24" id="40024" index="0" type="15" identname="EPLAN.Project.UserSupplementaryField24" category="1" displaytype="9000"/>
 <Property name="用户增补说明25" id="40025" index="0" type="15" identname="EPLAN.Project.UserSupplementaryField25" category="1" displaytype="9000"/>
 <Property name="用户增补说明26" id="40026" index="0" type="15" identname="EPLAN.Project.UserSupplementaryField26" category="1" displaytype="9000"/>
 <Property name="用户增补说明27" id="40027" index="0" type="15" identname="EPLAN.Project.UserSupplementaryField27" category="1" displaytype="9000"/>
 <Property name="用户增补说明28" id="40028" index="0" type="15" identname="EPLAN.Project.UserSupplementaryField28" category="1" displaytype="9000"/>
 <Property name="用户增补说明29" id="40029" index="0" type="15" identname="EPLAN.Project.UserSupplementaryField29" category="1" displaytype="9000"/>
 <Property name="用户增补说明30" id="40030" index="0" type="15" identname="EPLAN.Project.UserSupplementaryField30" category="1" displaytype="9000"/>
 <Property name="用户增补说明31" id="40031" index="0" type="15" identname="EPLAN.Project.UserSupplementaryField31" category="1" displaytype="9000"/>
 <Property name="用户增补说明32" id="40032" index="0" type="15" identname="EPLAN.Project.UserSupplementaryField32" category="1" displaytype="9000"/>
 <Property name="用户增补说明33" id="40033" index="0" type="15" identname="EPLAN.Project.UserSupplementaryField33" category="1" displaytype="9000"/>
 <Property name="用户增补说明34" id="40034" index="0" type="15" identname="EPLAN.Project.UserSupplementaryField34" category="1" displaytype="9000"/>
 <Property name="用户增补说明35" id="40035" index="0" type="15" identname="EPLAN.Project.UserSupplementaryField35" category="1" displaytype="9000"/>
 <Property name="用户增补说明36" id="40036" index="0" type="15" identname="EPLAN.Project.UserSupplementaryField36" category="1" displaytype="9000"/>
 <Property name="用户增补说明37" id="40037" index="0" type="15" identname="EPLAN.Project.UserSupplementaryField37" category="1" displaytype="9000"/>
 <Property name="用户增补说明38" id="40038" index="0" type="15" identname="EPLAN.Project.UserSupplementaryField38" category="1" displaytype="9000"/>
 <Property name="用户增补说明39" id="40039" index="0" type="15" identname="EPLAN.Project.UserSupplementaryField39" category="1" displaytype="9000"/>
 <Property name="用户增补说明40" id="40040" index="0" type="15" identname="EPLAN.Project.UserSupplementaryField40" category="1" displaytype="9000"/>
 <Property name="用户增补说明41" id="40041" index="0" type="15" identname="EPLAN.Project.UserSupplementaryField41" category="1" displaytype="9000"/>
 <Property name="用户增补说明42" id="40042" index="0" type="15" identname="EPLAN.Project.UserSupplementaryField42" category="1" displaytype="9000"/>
 <Property name="用户增补说明43" id="40043" index="0" type="15" identname="EPLAN.Project.UserSupplementaryField43" category="1" displaytype="9000"/>
 <Property name="用户增补说明44" id="40044" index="0" type="15" identname="EPLAN.Project.UserSupplementaryField44" category="1" displaytype="9000"/>
 <Property name="用户增补说明45" id="40045" index="0" type="15" identname="EPLAN.Project.UserSupplementaryField45" category="1" displaytype="9000"/>
 <Property name="用户增补说明46" id="40046" index="0" type="15" identname="EPLAN.Project.UserSupplementaryField46" category="1" displaytype="9000"/>
 <Property name="用户增补说明47" id="40047" index="0" type="15" identname="EPLAN.Project.UserSupplementaryField47" category="1" displaytype="9000"/>
 <Property name="用户增补说明48" id="40048" index="0" type="15" identname="EPLAN.Project.UserSupplementaryField48" category="1" displaytype="9000"/>
 <Property name="用户增补说明49" id="40049" index="0" type="15" identname="EPLAN.Project.UserSupplementaryField49" category="1" displaytype="9000"/>
 <Property name="用户增补说明50" id="40050" index="0" type="15" identname="EPLAN.Project.UserSupplementaryField50" category="1" displaytype="9000"/>
 <Property name="用户增补说明51" id="40051" index="0" type="15" identname="EPLAN.Project.UserSupplementaryField51" category="1" displaytype="9000"/>
 <Property name="用户增补说明52" id="40052" index="0" type="15" identname="EPLAN.Project.UserSupplementaryField52" category="1" displaytype="9000"/>
 <Property name="用户增补说明53" id="40053" index="0" type="15" identname="EPLAN.Project.UserSupplementaryField53" category="1" displaytype="9000"/>
 <Property name="用户增补说明54" id="40054" index="0" type="15" identname="EPLAN.Project.UserSupplementaryField54" category="1" displaytype="9000"/>
 <Property name="用户增补说明55" id="40055" index="0" type="15" identname="EPLAN.Project.UserSupplementaryField55" category="1" displaytype="9000"/>
 <Property name="用户增补说明56" id="40056" index="0" type="15" identname="EPLAN.Project.UserSupplementaryField56" category="1" displaytype="9000"/>
 <Property name="用户增补说明57" id="40057" index="0" type="15" identname="EPLAN.Project.UserSupplementaryField57" category="1" displaytype="9000"/>
 <Property name="用户增补说明58" id="40058" index="0" type="15" identname="EPLAN.Project.UserSupplementaryField58" category="1" displaytype="9000"/>
 <Property name="用户增补说明59" id="40059" index="0" type="15" identname="EPLAN.Project.UserSupplementaryField59" category="1" displaytype="9000"/>
 <Property name="用户增补说明60" id="40060" index="0" type="15" identname="EPLAN.Project.UserSupplementaryField60" category="1" displaytype="9000"/>
 <Property name="用户增补说明61" id="40061" index="0" type="15" identname="EPLAN.Project.UserSupplementaryField61" category="1" displaytype="9000"/>
 <Property name="用户增补说明62" id="40062" index="0" type="15" identname="EPLAN.Project.UserSupplementaryField62" category="1" displaytype="9000"/>
 <Property name="用户增补说明63" id="40063" index="0" type="15" identname="EPLAN.Project.UserSupplementaryField63" category="1" displaytype="9000"/>
 <Property name="用户增补说明64" id="40064" index="0" type="15" identname="EPLAN.Project.UserSupplementaryField64" category="1" displaytype="9000"/>
 <Property name="用户增补说明65" id="40065" index="0" type="15" identname="EPLAN.Project.UserSupplementaryField65" category="1" displaytype="9000"/>
 <Property name="用户增补说明66" id="40066" index="0" type="15" identname="EPLAN.Project.UserSupplementaryField66" category="1" displaytype="9000"/>
 <Property name="用户增补说明67" id="40067" index="0" type="15" identname="EPLAN.Project.UserSupplementaryField67" category="1" displaytype="9000"/>
 <Property name="用户增补说明68" id="40068" index="0" type="15" identname="EPLAN.Project.UserSupplementaryField68" category="1" displaytype="9000"/>
 <Property name="用户增补说明69" id="40069" index="0" type="15" identname="EPLAN.Project.UserSupplementaryField69" category="1" displaytype="9000"/>
 <Property name="用户增补说明70" id="40070" index="0" type="15" identname="EPLAN.Project.UserSupplementaryField70" category="1" displaytype="9000"/>
 <Property name="用户增补说明71" id="40071" index="0" type="15" identname="EPLAN.Project.UserSupplementaryField71" category="1" displaytype="9000"/>
 <Property name="用户增补说明72" id="40072" index="0" type="15" identname="EPLAN.Project.UserSupplementaryField72" category="1" displaytype="9000"/>
 <Property name="用户增补说明73" id="40073" index="0" type="15" identname="EPLAN.Project.UserSupplementaryField73" category="1" displaytype="9000"/>
 <Property name="用户增补说明74" id="40074" index="0" type="15" identname="EPLAN.Project.UserSupplementaryField74" category="1" displaytype="9000"/>
 <Property name="用户增补说明75" id="40075" index="0" type="15" identname="EPLAN.Project.UserSupplementaryField75" category="1" displaytype="9000"/>
 <Property name="用户增补说明76" id="40076" index="0" type="15" identname="EPLAN.Project.UserSupplementaryField76" category="1" displaytype="9000"/>
 <Property name="用户增补说明77" id="40077" index="0" type="15" identname="EPLAN.Project.UserSupplementaryField77" category="1" displaytype="9000"/>
 <Property name="用户增补说明78" id="40078" index="0" type="15" identname="EPLAN.Project.UserSupplementaryField78" category="1" displaytype="9000"/>
 <Property name="用户增补说明79" id="40079" index="0" type="15" identname="EPLAN.Project.UserSupplementaryField79" category="1" displaytype="9000"/>
 <Property name="用户增补说明80" id="40080" index="0" type="15" identname="EPLAN.Project.UserSupplementaryField80" category="1" displaytype="9000"/>
 <Property name="用户增补说明81" id="40081" index="0" type="15" identname="EPLAN.Project.UserSupplementaryField81" category="1" displaytype="9000"/>
 <Property name="用户增补说明82" id="40082" index="0" type="15" identname="EPLAN.Project.UserSupplementaryField82" category="1" displaytype="9000"/>
 <Property name="用户增补说明83" id="40083" index="0" type="15" identname="EPLAN.Project.UserSupplementaryField83" category="1" displaytype="9000"/>
 <Property name="用户增补说明84" id="40084" index="0" type="15" identname="EPLAN.Project.UserSupplementaryField84" category="1" displaytype="9000"/>
 <Property name="用户增补说明85" id="40085" index="0" type="15" identname="EPLAN.Project.UserSupplementaryField85" category="1" displaytype="9000"/>
 <Property name="用户增补说明86" id="40086" index="0" type="15" identname="EPLAN.Project.UserSupplementaryField86" category="1" displaytype="9000"/>
 <Property name="用户增补说明87" id="40087" index="0" type="15" identname="EPLAN.Project.UserSupplementaryField87" category="1" displaytype="9000"/>
 <Property name="用户增补说明88" id="40088" index="0" type="15" identname="EPLAN.Project.UserSupplementaryField88" category="1" displaytype="9000"/>
 <Property name="用户增补说明89" id="40089" index="0" type="15" identname="EPLAN.Project.UserSupplementaryField89" category="1" displaytype="9000"/>
 <Property name="用户增补说明90" id="40090" index="0" type="15" identname="EPLAN.Project.UserSupplementaryField90" category="1" displaytype="9000"/>
 <Property name="用户增补说明91" id="40091" index="0" type="15" identname="EPLAN.Project.UserSupplementaryField91" category="1" displaytype="9000"/>
 <Property name="用户增补说明92" id="40092" index="0" type="15" identname="EPLAN.Project.UserSupplementaryField92" category="1" displaytype="9000"/>
 <Property name="用户增补说明93" id="40093" index="0" type="15" identname="EPLAN.Project.UserSupplementaryField93" category="1" displaytype="9000"/>
 <Property name="用户增补说明94" id="40094" index="0" type="15" identname="EPLAN.Project.UserSupplementaryField94" category="1" displaytype="9000"/>
 <Property name="用户增补说明95" id="40095" index="0" type="15" identname="EPLAN.Project.UserSupplementaryField95" category="1" displaytype="9000"/>
 <Property name="用户增补说明96" id="40096" index="0" type="15" identname="EPLAN.Project.UserSupplementaryField96" category="1" displaytype="9000"/>
 <Property name="用户增补说明97" id="40097" index="0" type="15" identname="EPLAN.Project.UserSupplementaryField97" category="1" displaytype="9000"/>
 <Property name="用户增补说明98" id="40098" index="0" type="15" identname="EPLAN.Project.UserSupplementaryField98" category="1" displaytype="9000"/>
 <Property name="用户增补说明99" id="40099" index="0" type="15" identname="EPLAN.Project.UserSupplementaryField99" category="1" displaytype="9000"/>
 <Property name="用户增补说明100" id="40100" index="0" type="15" identname="EPLAN.Project.UserSupplementaryField100" category="1" displaytype="9000"/>
</Properties>
