﻿<?xml version="1.0" encoding="utf-8"?>
<Symbolconfiguration xmlns="http://www.3s-software.com/schemas/Symbolconfiguration.xsd">
  <Header>
    <Version>3.5.14.0</Version>
    <SymbolConfigObject version="3.5.15.30" runtimeid="3.5.15.40" libversion="3.5.11.0" compiler="3.5.15.40" lmm="3.5.15.0" profile="LeadSysStudio V3.5 SP15 Patch 4+" settings="SupportOPCUA, XmlIncludeComments, LayoutCalculator=OptimizedClientSideLayoutCalculator" />
    <ProjectInfo name="车床桁架" devicename="Device" appname="Application" />
  </Header>
  <TypeList>
    <TypeSimple name="T_BIT_X_0" size="1" swapsize="0" typeclass="Bool" iecname="BIT" bitoffset="0" />
    <TypeSimple name="T_BIT_X_1" size="1" swapsize="0" typeclass="Bool" iecname="BIT" bitoffset="1" />
    <TypeSimple name="T_BIT_X_2" size="1" swapsize="0" typeclass="Bool" iecname="BIT" bitoffset="2" />
    <TypeSimple name="T_BIT_X_3" size="1" swapsize="0" typeclass="Bool" iecname="BIT" bitoffset="3" />
    <TypeSimple name="T_BIT_X_4" size="1" swapsize="0" typeclass="Bool" iecname="BIT" bitoffset="4" />
    <TypeSimple name="T_BIT_X_5" size="1" swapsize="0" typeclass="Bool" iecname="BIT" bitoffset="5" />
    <TypeSimple name="T_BIT_X_6" size="1" swapsize="0" typeclass="Bool" iecname="BIT" bitoffset="6" />
    <TypeSimple name="T_BIT_X_7" size="1" swapsize="0" typeclass="Bool" iecname="BIT" bitoffset="7" />
    <TypeSimple name="T_BOOL" size="1" swapsize="0" typeclass="Bool" iecname="BOOL" />
    <TypeSimple name="T_DWORD" size="4" swapsize="4" typeclass="DWord" iecname="DWORD" />
    <TypeSimple name="T_REAL" size="4" swapsize="4" typeclass="Real" iecname="REAL" />
    <TypeSimple name="T_WORD" size="2" swapsize="2" typeclass="Word" iecname="WORD" />
  </TypeList>
  <NodeList>
    <Node name="Application">
      <Node name="HMI">
        <Node name="报警复位" type="T_BIT_X_0" access="ReadWrite" directaddress="%MX0.0" />
        <Node name="上料顶起气缸到位位延时" type="T_WORD" access="ReadWrite" directaddress="%MW1001" />
        <Node name="上料顶起气缸原位延时" type="T_WORD" access="ReadWrite" directaddress="%MW1000" />
        <Node name="上料顶起气缸_ON_UP" type="T_BIT_X_3" access="ReadWrite" directaddress="%MX0.3" />
        <Node name="上料气动振动筛_ON_UP" type="T_BIT_X_6" access="ReadWrite" directaddress="%MX0.6" />
        <Node name="上料推出气缸到位延时" type="T_WORD" access="ReadWrite" directaddress="%MW1003" />
        <Node name="上料推出气缸原位延时" type="T_WORD" access="ReadWrite" directaddress="%MW1002" />
        <Node name="上料推出气缸_ON_UP" type="T_BIT_X_7" access="ReadWrite" directaddress="%MX1.7" />
        <Node name="X轴错误代码" type="T_DWORD" access="ReadWrite" directaddress="%MD30000" />
        <Node name="X轴失能" type="T_BIT_X_7" access="ReadWrite" directaddress="%MX0.7" />
        <Node name="X轴手动加速度" type="T_REAL" access="ReadWrite" />
        <Node name="X轴手动减速度" type="T_REAL" access="ReadWrite" />
        <Node name="X轴手动速度" type="T_REAL" access="ReadWrite" directaddress="%MB1000" />
        <Node name="X轴_CCW" type="T_BIT_X_3" access="ReadWrite" directaddress="%MX1.3" />
        <Node name="X轴_CW" type="T_BIT_X_4" access="ReadWrite" directaddress="%MX1.4" />
        <Node name="X状态_报错" type="T_BIT_X_5" access="ReadWrite" directaddress="%MX2.5" />
        <Node name="X状态_超过软限制" type="T_BIT_X_4" access="ReadWrite" directaddress="%MX3.4" />
        <Node name="X状态_点位运动" type="T_BIT_X_0" access="ReadWrite" directaddress="%MX3.0" />
        <Node name="X状态_恒速运动" type="T_BIT_X_1" access="ReadWrite" directaddress="%MX3.1" />
        <Node name="X状态_回零中" type="T_BOOL" access="ReadWrite" />
        <Node name="X状态_加速中" type="T_BIT_X_2" access="ReadWrite" directaddress="%MX3.2" />
        <Node name="X状态_减速中" type="T_BIT_X_3" access="ReadWrite" directaddress="%MX3.3" />
        <Node name="X状态_连续运动" type="T_BOOL" access="ReadWrite" />
        <Node name="X状态_停止中" type="T_BIT_X_6" access="ReadWrite" directaddress="%MX2.6" />
        <Node name="X状态_同步运动" type="T_BOOL" access="ReadWrite" />
        <Node name="X状态_未使能" type="T_BIT_X_4" access="ReadWrite" directaddress="%MX2.4" />
        <Node name="X状态_准备好" type="T_BIT_X_7" access="ReadWrite" directaddress="%MX2.7" />
        <Node name="Y轴错误代码" type="T_DWORD" access="ReadWrite" directaddress="%MD30001" />
        <Node name="Y轴失能" type="T_BIT_X_2" access="ReadWrite" directaddress="%MX1.2" />
        <Node name="Y轴手动加速度" type="T_REAL" access="ReadWrite" />
        <Node name="Y轴手动减速度" type="T_REAL" access="ReadWrite" />
        <Node name="Y轴手动速度" type="T_REAL" access="ReadWrite" directaddress="%MB1001" />
        <Node name="Y轴_CCW" type="T_BIT_X_5" access="ReadWrite" directaddress="%MX1.5" />
        <Node name="Y轴_CW" type="T_BIT_X_5" access="ReadWrite" directaddress="%MX0.5" />
        <Node name="Y状态_报错" type="T_BIT_X_6" access="ReadWrite" directaddress="%MX3.6" />
        <Node name="Y状态_超过软限制" type="T_BIT_X_5" access="ReadWrite" directaddress="%MX4.5" />
        <Node name="Y状态_点位运动" type="T_BIT_X_1" access="ReadWrite" directaddress="%MX4.1" />
        <Node name="Y状态_恒速运动" type="T_BIT_X_2" access="ReadWrite" directaddress="%MX4.2" />
        <Node name="Y状态_回零中" type="T_BOOL" access="ReadWrite" />
        <Node name="Y状态_加速中" type="T_BIT_X_3" access="ReadWrite" directaddress="%MX4.3" />
        <Node name="Y状态_减速中" type="T_BIT_X_4" access="ReadWrite" directaddress="%MX4.4" />
        <Node name="Y状态_连续运动" type="T_BOOL" access="ReadWrite" />
        <Node name="Y状态_停止中" type="T_BIT_X_7" access="ReadWrite" directaddress="%MX3.7" />
        <Node name="Y状态_同步运动" type="T_BOOL" access="ReadWrite" />
        <Node name="Y状态_未使能" type="T_BIT_X_5" access="ReadWrite" directaddress="%MX3.5" />
        <Node name="Y状态_准备好" type="T_BIT_X_0" access="ReadWrite" directaddress="%MX4.0" />
        <Node name="Z1轴错误代码" type="T_DWORD" access="ReadWrite" directaddress="%MD30002" />
        <Node name="Z1轴失能" type="T_BIT_X_1" access="ReadWrite" directaddress="%MX1.1" />
        <Node name="Z1轴手动加速度" type="T_REAL" access="ReadWrite" />
        <Node name="Z1轴手动减速度" type="T_REAL" access="ReadWrite" />
        <Node name="Z1轴手动速度" type="T_REAL" access="ReadWrite" directaddress="%MB1002" />
        <Node name="Z1轴_CCW" type="T_BIT_X_4" access="ReadWrite" directaddress="%MX0.4" />
        <Node name="Z1轴_CW" type="T_BIT_X_6" access="ReadWrite" directaddress="%MX1.6" />
        <Node name="Z1状态_报错" type="T_BIT_X_7" access="ReadWrite" directaddress="%MX4.7" />
        <Node name="Z1状态_超过软限制" type="T_BIT_X_6" access="ReadWrite" directaddress="%MX5.6" />
        <Node name="Z1状态_点位运动" type="T_BIT_X_2" access="ReadWrite" directaddress="%MX5.2" />
        <Node name="Z1状态_恒速运动" type="T_BIT_X_3" access="ReadWrite" directaddress="%MX5.3" />
        <Node name="Z1状态_回零中" type="T_BOOL" access="ReadWrite" />
        <Node name="Z1状态_加速中" type="T_BIT_X_4" access="ReadWrite" directaddress="%MX5.4" />
        <Node name="Z1状态_减速中" type="T_BIT_X_5" access="ReadWrite" directaddress="%MX5.5" />
        <Node name="Z1状态_连续运动" type="T_BOOL" access="ReadWrite" />
        <Node name="Z1状态_停止中" type="T_BIT_X_0" access="ReadWrite" directaddress="%MX5.0" />
        <Node name="Z1状态_同步运动" type="T_BOOL" access="ReadWrite" />
        <Node name="Z1状态_未使能" type="T_BIT_X_6" access="ReadWrite" directaddress="%MX4.6" />
        <Node name="Z1状态_准备好" type="T_BIT_X_1" access="ReadWrite" directaddress="%MX5.1" />
        <Node name="Z2轴错误代码" type="T_DWORD" access="ReadWrite" directaddress="%MD30003" />
        <Node name="Z2轴失能" type="T_BIT_X_0" access="ReadWrite" directaddress="%MX1.0" />
        <Node name="Z2轴手动加速度" type="T_REAL" access="ReadWrite" />
        <Node name="Z2轴手动减速度" type="T_REAL" access="ReadWrite" />
        <Node name="Z2轴手动速度" type="T_REAL" access="ReadWrite" directaddress="%MB1003" />
        <Node name="Z2轴_CCW" type="T_BIT_X_2" access="ReadWrite" directaddress="%MX0.2" />
        <Node name="Z2轴_CW" type="T_BIT_X_1" access="ReadWrite" directaddress="%MX0.1" />
        <Node name="Z2状态_报错" type="T_BIT_X_0" access="ReadWrite" directaddress="%MX6.0" />
        <Node name="Z2状态_超过软限制" type="T_BIT_X_6" access="ReadWrite" directaddress="%MX6.6" />
        <Node name="Z2状态_点位运动" type="T_BIT_X_2" access="ReadWrite" directaddress="%MX6.2" />
        <Node name="Z2状态_恒速运动" type="T_BIT_X_3" access="ReadWrite" directaddress="%MX6.3" />
        <Node name="Z2状态_回零中" type="T_BOOL" access="ReadWrite" />
        <Node name="Z2状态_加速中" type="T_BIT_X_4" access="ReadWrite" directaddress="%MX6.4" />
        <Node name="Z2状态_减速中" type="T_BIT_X_5" access="ReadWrite" directaddress="%MX6.5" />
        <Node name="Z2状态_连续运动" type="T_BOOL" access="ReadWrite" />
        <Node name="Z2状态_停止中" type="T_BIT_X_1" access="ReadWrite" directaddress="%MX6.1" />
        <Node name="Z2状态_同步运动" type="T_BOOL" access="ReadWrite" />
        <Node name="Z2状态_未使能" type="T_BIT_X_7" access="ReadWrite" directaddress="%MX5.7" />
        <Node name="Z2状态_准备好" type="T_BIT_X_7" access="ReadWrite" directaddress="%MX6.7" />
      </Node>
    </Node>
  </NodeList>
</Symbolconfiguration>